文章ID,分类标签
1001,相关
1002,相关
1003,不相关
1006,相关
1008,相关
1013,相关
1014,相关
1015,相关
1022,相关
1023,相关
1025,相关
1027,相关
1028,相关
1029,相关
1030,相关
1032,相关
1033,相关
1034,相关
1035,相关
1039,相关
1041,相关
1042,相关
1043,相关
1044,相关
1045,相关
1046,相关
1047,相关
1048,相关
1049,相关
1050,相关
1051,相关
1052,相关
1055,相关
1056,相关
1057,相关
1058,相关
1059,相关
1060,不相关
1061,不相关
1062,相关
1063,相关
1064,相关
1066,相关
1067,相关
1068,不相关
1069,相关
1071,相关
1072,相关
1073,相关
1074,相关
1075,相关
1076,相关
1078,相关
1080,相关
1081,相关
1082,相关
1083,相关
1084,相关
1086,相关
1087,相关
1088,相关
1091,相关
1092,相关
1100,相关
1101,相关
1102,相关
1103,相关
1104,不相关
1105,相关
1106,相关
1107,相关
1108,相关
1109,相关
1110,相关
1112,相关
1113,相关
1114,相关
1115,相关
1117,相关
1119,相关
1121,相关
1124,相关
1125,相关
1126,相关
1128,相关
1129,相关
1130,相关
1131,相关
1132,相关
1133,相关
1135,相关
1138,相关
1139,相关
1140,不相关
1143,不相关
1144,相关
1145,不相关
1146,相关
1147,相关
1148,相关
1149,相关
1150,相关
1152,相关
1154,相关
1155,相关
1156,不相关
1157,相关
1158,相关
1159,相关
1160,相关
1161,相关
1162,相关
1163,不相关
1166,不相关
1167,相关
1168,相关
1169,不相关
1170,相关
1171,相关
1172,相关
1173,不相关
1174,相关
1175,相关
1176,不相关
1177,相关
1178,不相关
1179,相关
1180,相关
1181,相关
1182,相关
1185,相关
1186,相关
1187,相关
1188,相关
1189,相关
1191,不相关
1192,相关
1193,不相关
1194,相关
1196,相关
1197,相关
1198,相关
1199,相关
1200,相关
1201,相关
1202,相关
1203,相关
1204,相关
1205,相关
1206,相关
1207,相关
1209,相关
1210,相关
1212,相关
1213,相关
1214,相关
1215,相关
1217,相关
1218,相关
1219,不相关
1220,相关
1221,不相关
1222,相关
1224,相关
1225,相关
1226,相关
1227,相关
1228,不相关
1229,相关
1230,不相关
1231,相关
1232,相关
1233,相关
1235,相关
1236,相关
1238,不相关
1239,相关
1240,相关
1243,相关
1244,相关
1245,相关
1246,相关
1247,相关
1248,相关
1249,相关
1250,相关
1251,相关
1252,相关
1254,相关
1255,相关
1256,相关
1257,相关
1266,不相关
1267,相关
1268,相关
1271,相关
1272,相关
1274,相关
1275,相关
1276,相关
1277,相关
1278,相关
1279,不相关
1280,不相关
1281,不相关
1282,相关
1283,相关
1284,相关
1285,不相关
1286,相关
1289,相关
1290,相关
1291,相关
1292,相关
1293,相关
1294,相关
1295,相关
1296,相关
1297,相关
1299,相关
1301,相关
1302,相关
1303,相关
1304,相关
1305,相关
1306,相关
1307,相关
1308,相关
1309,相关
1310,相关
1311,不相关
1312,相关
1313,相关
1315,相关
1317,相关
1318,相关
1319,不相关
1321,相关
1322,相关
1323,相关
1326,相关
1327,相关
1328,相关
1330,相关
1331,相关
1332,相关
1334,相关
1335,相关
1337,相关
1338,相关
1339,相关
1340,相关
1341,相关
1342,相关
1343,相关
1344,相关
1345,相关
1346,相关
1348,相关
1349,相关
1350,相关
1351,相关
1352,相关
1353,相关
1354,相关
1355,相关
1356,相关
1357,相关
1358,相关
1359,相关
1360,相关
1361,相关
1362,相关
1364,不相关
1365,相关
1366,相关
1368,相关
1369,相关
1370,不相关
1371,相关
1372,相关
1373,相关
1374,相关
1378,相关
1379,相关
1380,相关
1381,相关
1382,相关
1383,相关
1384,相关
1385,不相关
1386,相关
1387,相关
1388,相关
1391,相关
1392,相关
1393,相关
1394,相关
1395,不相关
1397,相关
1398,相关
1399,相关
1400,相关
1401,相关
1402,相关
1403,相关
1405,相关
1406,相关
1407,相关
1408,相关
1409,相关
1410,相关
1411,相关
1414,相关
1415,相关
1416,相关
1417,相关
1418,相关
1420,相关
1421,相关
1422,相关
1423,不相关
1424,相关
1425,相关
1426,不相关
1427,相关
1428,相关
1431,相关
1432,相关
1433,不相关
1435,相关
1436,相关
1437,相关
1440,相关
1441,相关
1442,相关
1443,相关
1445,不相关
1446,相关
1447,相关
1449,相关
1450,不相关
1451,相关
1452,相关
1453,相关
1454,相关
1455,相关
1457,相关
1458,相关
1459,相关
1460,相关
1461,相关
1463,不相关
1464,不相关
1465,相关
1467,不相关
1468,相关
1469,相关
1473,不相关
1474,相关
1475,相关
1476,相关
1478,相关
1479,相关
1480,相关
1482,相关
1484,相关
1485,相关
1486,相关
1489,相关
1490,相关
1491,相关
1492,相关
1493,相关
1496,相关
1497,相关
1498,相关
1499,相关
1500,相关
1501,相关
1502,相关
1503,不相关
1504,相关
1506,相关
1507,相关
1508,不相关
1510,相关
1511,相关
1512,相关
1513,相关
1514,相关
1515,相关
1516,相关
1517,相关
1519,相关
1521,相关
1522,相关
1523,相关
1524,相关
1525,相关
1526,相关
1527,相关
1530,相关
1531,相关
1532,相关
1533,相关
1534,相关
1535,相关
1536,相关
1537,不相关
1538,相关
1539,相关
1540,相关
1541,相关
1542,相关
1543,相关
1544,相关
1545,相关
1547,相关
1548,相关
1549,相关
1550,相关
1551,相关
1552,相关
1554,相关
1555,相关
1556,相关
1557,相关
1558,相关
1559,相关
1561,相关
1563,相关
1564,相关
1567,相关
1568,不相关
1569,相关
1570,相关
1571,相关
1572,相关
1573,相关
1576,相关
1578,相关
1579,相关
1580,相关
1581,相关
1583,相关
1584,相关
1585,相关
1587,不相关
1589,相关
1590,相关
1591,不相关
1592,相关
1593,相关
1594,相关
1595,相关
1596,相关
1597,相关
1598,相关
1599,相关
1600,相关
1601,相关
1602,相关
1603,相关
1604,相关
1605,相关
1606,相关
1607,相关
1608,不相关
1609,相关
1610,相关
1612,相关
1613,相关
1614,相关
1615,相关
1616,相关
1618,相关
1619,相关
1620,相关
1621,不相关
1622,相关
1623,相关
1624,相关
1625,不相关
1626,相关
1627,相关
1628,相关
1629,相关
1630,相关
1631,相关
1632,相关
1633,相关
1634,相关
1635,相关
1636,相关
1637,相关
1638,相关
1639,相关
1640,相关
1643,相关
1644,不相关
1649,相关
1650,相关
1656,相关
1658,相关
1659,相关
1666,不相关
1667,不相关
1668,不相关
1670,不相关
1671,相关
1672,相关
1674,相关
1675,不相关
1676,相关
1677,不相关
1679,不相关
1680,不相关
1681,相关
1683,相关
1684,相关
1685,不相关
1686,相关
1687,相关
1688,相关
1690,相关
1694,不相关
1696,相关
1697,不相关
1699,相关
1700,相关
1702,相关
1703,相关
1704,相关
1705,相关
1708,相关
1709,不相关
1711,相关
1712,不相关
1713,相关
1714,相关
1715,相关
1716,相关
1719,相关
1720,不相关
1721,相关
1722,不相关
1727,相关
1728,相关
1729,相关
1730,相关
1731,相关
1732,相关
1734,相关
1738,相关
1739,相关
1741,相关
1742,相关
1743,相关
1744,相关
1745,相关
1749,不相关
1750,相关
1752,相关
1753,相关
1754,不相关
1755,相关
1756,相关
1757,相关
1760,相关
1761,相关
1762,相关
1763,不相关
1764,相关
1766,相关
1767,相关
1768,相关
1770,相关
1771,相关
1772,相关
1774,相关
1775,相关
1776,相关
1778,相关
1790,相关
1792,相关
1793,相关
1794,相关
1795,相关
1796,相关
1797,相关
1798,相关
1799,相关
1801,不相关
1803,相关
1804,相关
1806,相关
1807,相关
1809,不相关
1810,相关
1813,相关
1814,相关
1815,相关
1816,相关
1817,相关
1818,相关
1819,相关
1823,相关
1824,相关
1825,相关
1826,相关
1827,相关
1828,相关
1829,相关
1830,相关
1831,相关
1833,相关
1834,相关
1836,相关
1837,相关
1838,相关
1841,相关
1842,相关
1844,相关
1846,相关
1847,相关
1848,相关
1851,相关
1852,相关
1853,相关
1854,相关
1855,相关
1856,相关
1857,相关
1859,相关
1860,相关
1861,相关
1862,相关
1863,相关
1864,相关
1866,相关
1868,相关
1869,相关
1871,相关
1872,不相关
1873,相关
1874,不相关
1875,不相关
1876,不相关
1877,相关
1878,相关
1879,相关
1881,相关
1882,相关
1883,相关
1884,相关
1885,相关
1886,不相关
1887,不相关
1888,不相关
1889,相关
1891,相关
1892,不相关
1893,不相关
1894,相关
1895,不相关
1896,相关
1897,相关
1898,相关
1899,相关
1901,相关
1902,相关
1903,相关
1907,相关
1908,相关
1909,相关
1910,相关
1911,不相关
1912,不相关
1913,相关
1915,相关
1917,相关
1918,相关
1919,相关
1920,不相关
1921,不相关
1922,不相关
1924,不相关
1925,相关
1927,相关
1929,相关
1930,相关
1931,相关
1932,相关
1933,相关
1934,相关
1936,相关
1937,相关
1938,相关
1939,相关
1942,相关
1943,不相关
1944,不相关
1945,相关
1946,相关
1947,相关
1948,相关
1949,相关
1950,相关
1951,相关
1952,相关
1954,相关
1955,不相关
1956,相关
1957,不相关
1959,不相关
1960,不相关
1961,相关
1962,相关
1963,不相关
1964,相关
1965,相关
1966,相关
1967,不相关
1968,相关
1970,相关
1972,相关
1973,相关
1974,相关
1976,相关
1977,相关
1978,不相关
1979,相关
1980,相关
1981,不相关
1982,相关
1983,相关
1985,相关
1986,不相关
1987,相关
1988,不相关
1989,相关
1990,不相关
1992,不相关
1993,不相关
1994,相关
1995,不相关
1996,相关
1997,相关
1999,相关
2000,相关
2001,相关
2002,相关
2003,相关
2004,相关
2005,相关
2006,相关
2007,相关
2008,相关
2009,相关
2010,不相关
2012,相关
2013,相关
2014,相关
2015,不相关
2016,相关
2017,相关
2018,相关
2020,相关
2021,不相关
2022,相关
2023,相关
2024,相关
2025,相关
2026,相关
2028,相关
2030,相关
2031,不相关
2032,相关
2034,相关
2035,不相关
2036,相关
2037,不相关
2038,相关
2039,相关
2040,相关
2041,相关
2042,不相关
2045,相关
2046,不相关
2047,不相关
2048,不相关
2049,相关
2050,相关
2051,相关
2052,不相关
2053,相关
2054,相关
2055,相关
2056,相关
2058,相关
2059,相关
2061,相关
2062,相关
2063,相关
2064,相关
2065,不相关
2066,相关
2067,相关
2069,相关
2070,不相关
2071,相关
2072,相关
2073,相关
2074,不相关
2075,不相关
2077,相关
2078,相关
2079,相关
2080,不相关
2082,相关
2083,不相关
2084,不相关
2085,相关
2086,相关
2087,不相关
2088,相关
2089,不相关
2090,相关
2091,相关
2092,相关
2093,不相关
2095,相关
2096,不相关
2097,相关
2100,不相关
2101,相关
2102,相关
2103,不相关
2104,相关
2105,不相关
2106,相关
2107,相关
2108,不相关
2109,相关
2114,不相关
2115,相关
2116,不相关
2117,不相关
2118,相关
2120,不相关
2121,相关
2123,相关
2124,相关
2126,不相关
2127,相关
2128,不相关
2130,相关
2131,不相关
2132,不相关
2134,相关
2135,不相关
2136,相关
2137,不相关
2138,不相关
2139,相关
2140,相关
2141,相关
2142,不相关
2144,相关
2145,不相关
2146,相关
2147,相关
2148,不相关
2149,相关
2151,相关
2152,不相关
2153,相关
2154,相关
2155,相关
2156,不相关
2157,相关
2159,不相关
2160,不相关
2161,相关
2162,相关
2163,相关
2164,相关
2165,不相关
2166,相关
2167,不相关
2168,相关
2169,不相关
2171,相关
2172,相关
2174,相关
2175,相关
2176,相关
2179,不相关
2180,相关
2181,相关
2182,相关
2187,不相关
2189,不相关
2190,相关
2191,不相关
2192,不相关
2194,相关
2197,相关
2199,相关
2201,相关
2202,不相关
2203,相关
2204,相关
2206,不相关
2208,不相关
2209,相关
2211,相关
2212,相关
2214,相关
2215,相关
2216,不相关
2218,相关
2220,相关
2221,相关
2222,相关
2223,不相关
2224,相关
2226,相关
2227,相关
2228,不相关
2229,不相关
2231,相关
2232,相关
2234,相关
2235,相关
2236,不相关
2237,相关
2238,不相关
2239,不相关
2240,相关
2241,相关
2243,相关
2244,相关
2245,相关
2247,相关
2248,相关
2249,相关
2250,不相关
2252,不相关
2253,相关
2254,不相关
2255,相关
2257,相关
2258,相关
2259,相关
2261,相关
2263,不相关
2264,相关
2265,相关
2266,不相关
2267,不相关
2268,相关
2269,不相关
2271,相关
2272,不相关
2275,相关
2276,不相关
2277,相关
2278,不相关
2279,相关
2281,相关
2282,不相关
2283,相关
2285,相关
2286,相关
2287,相关
2288,不相关
2291,相关
2293,相关
2294,相关
2295,相关
2296,相关
2297,相关
2298,相关
2301,不相关
2302,相关
2303,相关
2304,相关
2305,相关
2307,相关
2308,不相关
2309,相关
2310,相关
2311,相关
2313,相关
2315,不相关
2317,相关
2318,相关
2319,相关
2320,相关
2321,相关
2322,相关
2323,相关
2325,相关
2326,相关
2327,相关
2328,相关
2329,相关
2332,相关
2334,不相关
2335,不相关
2336,不相关
2337,相关
2338,不相关
2339,相关
2340,相关
2341,相关
2342,相关
2346,相关
2347,不相关
2348,相关
2349,不相关
2350,相关
2353,相关
2354,相关
2355,不相关
2356,相关
2357,相关
2358,不相关
2360,相关
2361,相关
2362,不相关
2363,相关
2364,相关
2365,相关
2367,相关
2368,相关
2369,相关
2370,相关
2371,相关
2372,相关
2373,相关
2374,相关
2378,相关
2380,相关
2381,相关
2382,不相关
2383,相关
2384,相关
2385,相关
2388,相关
2389,相关
2391,相关
2392,相关
2393,相关
2394,相关
2395,相关
2397,不相关
2399,相关
2400,相关
2402,不相关
2404,相关
2407,相关
2408,相关
2409,相关
2410,不相关
2411,相关
2416,相关
2417,相关
2418,相关
2419,相关
2421,相关
2422,相关
2423,相关
2424,相关
2427,不相关
2429,相关
2430,相关
2432,相关
2433,相关
2434,相关
2435,相关
2436,相关
2437,相关
2439,相关
2441,相关
2442,不相关
2443,不相关
2445,不相关
2448,相关
2449,相关
2450,相关
2451,相关
2452,相关
2455,相关
2456,不相关
2458,相关
2459,不相关
2460,相关
2461,相关
2463,相关
2464,相关
2466,相关
2467,相关
2469,相关
2470,不相关
2471,不相关
2472,相关
2475,相关
2476,相关
2477,相关
2478,相关
2479,相关
2481,不相关
2482,相关
2483,相关
2484,相关
2485,相关
2486,相关
2488,不相关
2489,相关
2490,相关
2492,相关
2493,不相关
2494,不相关
2495,不相关
2496,相关
2498,相关
2499,相关
2501,不相关
2502,不相关
2503,相关
2504,相关
2505,相关
2506,相关
2507,相关
2508,相关
2510,相关
2511,相关
2512,不相关
2513,相关
2515,相关
2516,相关
2517,相关
2518,相关
2520,相关
2521,相关
2522,相关
2523,相关
2524,相关
2525,不相关
2526,不相关
2527,相关
2528,不相关
2529,不相关
2530,相关
2533,不相关
2534,相关
2535,相关
2536,相关
2537,相关
2538,相关
2539,相关
2540,相关
2541,不相关
2542,相关
2544,相关
2545,相关
2546,不相关
2547,相关
2548,不相关
2549,相关
2550,相关
2551,相关
2552,相关
2553,相关
2554,相关
2555,不相关
2556,相关
2559,相关
2560,相关
2561,不相关
2562,相关
2563,相关
2564,不相关
2565,不相关
2566,相关
2568,相关
2569,相关
2572,相关
2574,相关
2575,相关
2576,相关
2577,不相关
2578,相关
2579,相关
2580,相关
2581,相关
2582,相关
2584,相关
2587,相关
2588,相关
2590,相关
2591,相关
2592,相关
2593,不相关
2594,相关
2595,相关
2596,不相关
2598,不相关
2599,不相关
2600,相关
2601,相关
2602,相关
2603,不相关
2604,不相关
2605,不相关
2606,相关
2607,相关
2610,相关
2612,相关
2613,相关
2614,相关
2615,相关
2616,相关
2617,不相关
2618,相关
2619,相关
2622,不相关
2623,不相关
2624,不相关
2629,相关
2630,相关
2631,相关
2635,相关
2636,相关
2639,不相关
2640,相关
2641,不相关
2642,相关
2643,相关
2644,相关
2645,相关
2647,相关
2648,相关
2649,相关
2650,相关
2653,相关
2655,不相关
2656,相关
2657,相关
2658,相关
2659,相关
2661,不相关
2662,相关
2663,相关
2664,相关
2666,相关
2667,相关
2669,相关
2670,相关
2671,相关
2673,相关
2674,相关
2675,相关
2676,不相关
2677,相关
2678,不相关
2679,相关
2681,相关
2683,相关
2684,不相关
2686,相关
2689,相关
2690,不相关
2691,相关
2692,相关
2693,相关
2694,相关
2696,不相关
2697,相关
2698,相关
2699,不相关
2700,相关
2701,相关
2705,相关
2706,相关
2709,相关
2710,相关
2711,相关
2713,相关
2714,相关
2715,不相关
2716,不相关
2717,不相关
2718,不相关
2719,相关
2720,不相关
2722,相关
2723,相关
2724,相关
2725,不相关
2726,不相关
2727,不相关
2728,不相关
2729,不相关
2730,不相关
2732,相关
2733,相关
2734,不相关
2735,相关
2736,相关
2737,相关
2738,相关
2739,相关
2741,不相关
2742,相关
2743,相关
2747,相关
2748,相关
2750,相关
2753,相关
2754,相关
2755,相关
2756,相关
2758,不相关
2759,相关
2760,相关
2761,相关
2762,相关
2763,不相关
2764,相关
2765,相关
2767,相关
2768,不相关
2770,相关
2771,相关
2774,不相关
2775,相关
2776,相关
2777,相关
2778,不相关
2779,相关
2780,不相关
2781,相关
2782,相关
2784,相关
2785,相关
2786,不相关
2787,不相关
2788,不相关
2789,相关
2790,不相关
2792,不相关
2793,相关
2794,相关
2796,相关
2797,不相关
2798,相关
2799,相关
2801,不相关
2802,不相关
2803,相关
2804,相关
2805,相关
2807,相关
2808,不相关
2809,不相关
2810,相关
2811,相关
2812,相关
2813,相关
2814,相关
2816,相关
2817,相关
2818,不相关
2819,相关
2820,相关
2821,相关
2822,相关
2823,相关
2825,相关
2826,相关
2827,相关
2828,相关
2830,相关
2831,相关
2833,相关
2834,不相关
2835,相关
2838,不相关
2839,不相关
2840,不相关
2841,相关
2843,相关
2844,不相关
2845,相关
2846,相关
2848,不相关
2849,不相关
2850,相关
2852,相关
2853,相关
2854,相关
2856,相关
2857,相关
2858,相关
2861,相关
2862,相关
2863,相关
2864,不相关
2866,不相关
2867,相关
2868,相关
2870,不相关
2871,相关
2872,相关
2873,不相关
2874,相关
2875,相关
2876,相关
2877,相关
2878,不相关
2879,相关
2880,相关
2881,相关
2884,不相关
2885,相关
2887,相关
2888,相关
2889,相关
2890,相关
2891,相关
2893,相关
2895,不相关
2896,相关
2898,相关
2899,不相关
2901,相关
2902,相关
2904,不相关
2907,相关
2908,相关
2910,相关
2911,不相关
2914,相关
2915,相关
2916,不相关
2917,不相关
2918,不相关
2919,相关
2920,相关
2921,不相关
2922,不相关
2924,相关
2925,相关
2926,不相关
2927,相关
2928,相关
2929,相关
2931,不相关
2932,不相关
2933,相关
2935,不相关
2936,相关
2938,相关
2940,不相关
2941,相关
2943,相关
2945,不相关
2947,不相关
2948,相关
2949,相关
2951,相关
2952,不相关
2953,相关
2954,不相关
2956,相关
2957,相关
2958,不相关
2960,相关
2961,不相关
2962,不相关
2963,相关
2964,不相关
2965,相关
2967,相关
2968,相关
2970,不相关
2972,相关
2973,相关
2974,不相关
2975,相关
2977,相关
2978,不相关
2979,相关
2981,不相关
2982,相关
2984,不相关
2985,相关
2986,相关
2987,不相关
2988,相关
2989,相关
2990,相关
2993,不相关
2994,相关
2995,相关
2996,相关
2998,不相关
3000,相关
3001,相关
3002,不相关
3003,不相关
3004,相关
3005,相关
3006,相关
3009,相关
3010,相关
3011,相关
3012,不相关
3013,相关
3014,不相关
3017,相关
3019,不相关
3020,相关
3021,相关
3022,相关
3023,不相关
3025,相关
3026,相关
3027,相关
3030,相关
3032,不相关
3034,相关
3035,不相关
3036,不相关
3037,不相关
3038,相关
3039,相关
3040,相关
3041,相关
3042,不相关
3045,相关
3046,相关
3047,相关
3048,相关
3049,相关
3050,相关
3052,相关
3054,相关
3055,不相关
3056,相关
3057,不相关
3058,相关
3059,相关
3061,不相关
3062,相关
3063,相关
3064,不相关
3065,不相关
3066,相关
3068,相关
3071,相关
3072,相关
3073,相关
3074,相关
3075,相关
3076,相关
3078,相关
3079,相关
3081,相关
3082,相关
3083,相关
3084,相关
3085,相关
3087,相关
3088,相关
3089,不相关
3090,相关
3091,相关
3092,不相关
3094,相关
3095,相关
3096,不相关
3097,相关
3098,不相关
3100,相关
3102,相关
3103,相关
3104,不相关
3106,相关
3108,相关
3110,不相关
3111,不相关
3112,相关
3113,相关
3115,相关
3116,不相关
3118,相关
3120,相关
3121,相关
3122,相关
3123,相关
3124,相关
3125,相关
3126,不相关
3127,不相关
3130,不相关
3131,相关
3132,不相关
3133,相关
3134,相关
3135,不相关
3136,不相关
3137,相关
3139,相关
3140,相关
3141,相关
3142,不相关
3143,相关
3144,相关
3145,不相关
3146,相关
3148,相关
3149,相关
3150,相关
3151,相关
3152,相关
3153,相关
3154,相关
3155,相关
3156,相关
3157,相关
3159,相关
3160,不相关
3161,相关
3162,不相关
3163,相关
3165,相关
3166,相关
3167,相关
3168,不相关
3169,相关
3170,不相关
3171,相关
3173,相关
3174,相关
3175,不相关
3176,相关
3178,相关
3180,不相关
3183,相关
3184,相关
3186,相关
3187,相关
3189,相关
3191,相关
3193,相关
3194,相关
3195,相关
3196,相关
3197,相关
3198,相关
3199,相关
3200,相关
3201,相关
3202,相关
3203,相关
3204,相关
3205,相关
3206,相关
3207,不相关
3208,相关
3209,相关
3213,不相关
3215,相关
3216,不相关
3217,相关
3221,不相关
3222,相关
3223,相关
3224,相关
3225,相关
3228,相关
3229,相关
3230,相关
3231,不相关
3232,相关
3234,相关
3235,相关
3237,相关
3238,相关
3239,相关
3241,相关
3242,相关
3243,相关
3244,相关
3246,相关
3247,相关
3249,相关
3250,不相关
3251,相关
3252,相关
3253,不相关
3254,相关
3255,不相关
3257,相关
3258,相关
3259,相关
3261,不相关
3262,不相关
3263,不相关
3264,相关
3266,不相关
3267,相关
3268,不相关
3270,不相关
3271,不相关
3272,不相关
3273,相关
3275,相关
3276,不相关
3277,相关
3279,不相关
3280,相关
3281,相关
3283,相关
3284,相关
3286,相关
3288,相关
3289,相关
3290,相关
3291,相关
3292,相关
3293,相关
3296,不相关
3297,相关
3298,相关
3300,相关
3301,不相关
3302,相关
3303,相关
3304,相关
3305,相关
3307,相关
3308,相关
3309,相关
3310,不相关
3311,不相关
3312,相关
3314,相关
3316,相关
3317,相关
3318,不相关
3319,相关
3320,相关
3322,相关
3323,相关
3324,相关
3326,相关
3327,不相关
3329,相关
3330,相关
3332,相关
3333,相关
3334,不相关
3336,相关
3339,相关
3341,相关
3342,相关
3343,相关
3345,相关
3346,相关
3347,相关
3348,相关
3349,不相关
3351,相关
3352,不相关
3353,相关
3357,不相关
3358,相关
3359,不相关
3361,相关
3362,相关
3363,不相关
3365,不相关
3366,不相关
3367,不相关
3369,相关
3370,相关
3371,不相关
3372,相关
3373,不相关
3374,相关
3375,相关
3378,相关
3379,相关
3380,相关
3382,相关
3383,不相关
3385,相关
3386,相关
3389,相关
3390,相关
3393,相关
3394,相关
3395,不相关
3396,不相关
3398,相关
3399,相关
3400,不相关
3401,相关
3402,相关
3403,相关
3404,相关
3405,相关
3406,不相关
3409,相关
3410,相关
3413,相关
3414,相关
3415,相关
3416,相关
3418,不相关
3420,相关
3421,相关
3422,相关
3423,不相关
3424,相关
3425,相关
3426,相关
3431,相关
3434,相关
3435,不相关
3436,相关
3437,相关
3439,相关
3440,相关
3441,不相关
3443,相关
3444,相关
3445,不相关
3446,不相关
3447,不相关
3450,相关
3451,相关
3452,相关
3454,相关
3455,相关
3456,相关
3458,相关
3459,不相关
3460,相关
3462,相关
3463,相关
3464,相关
3467,相关
3468,相关
3469,不相关
3470,不相关
3472,相关
3473,相关
3474,相关
3475,不相关
3476,相关
3477,相关
3478,相关
3479,相关
3480,相关
3481,不相关
3485,相关
3486,不相关
3487,相关
3491,相关
3493,相关
3494,不相关
3495,不相关
3496,相关
3497,相关
3498,不相关
3500,相关
3501,相关
3502,相关
3503,不相关
3504,相关
3505,相关
3506,不相关
3508,相关
3509,相关
3510,不相关
3512,相关
3513,不相关
3514,相关
3515,相关
3517,相关
3518,不相关
3521,相关
3522,相关
3526,相关
3528,不相关
3529,相关
3530,相关
3531,不相关
3533,相关
3534,相关
3535,相关
3537,相关
3538,相关
3541,不相关
3542,相关
3543,相关
3545,相关
3546,不相关
3547,相关
3549,相关
3550,相关
3551,相关
3554,相关
3555,相关
3557,相关
3558,相关
3559,相关
3560,相关
3562,相关
3563,相关
3564,相关
3565,不相关
3566,相关
3567,相关
3568,相关
3569,相关
3570,相关
3571,相关
3574,相关
3576,相关
3578,相关
3579,相关
3581,相关
3582,相关
3583,相关
3584,相关
3585,相关
3586,相关
3590,相关
3591,不相关
3593,相关
3594,相关
3596,相关
3597,相关
3598,不相关
3601,相关
3602,相关
3604,相关
3605,相关
3606,相关
3607,不相关
3608,相关
3609,相关
3610,相关
3612,相关
3613,相关
3614,不相关
3615,相关
3616,不相关
3617,相关
3618,相关
3619,相关
3621,相关
3622,相关
3625,不相关
3628,相关
3629,不相关
3630,不相关
3632,不相关
3633,相关
3634,相关
3635,相关
3636,相关
3637,相关
3638,相关
3639,不相关
3640,相关
3641,相关
3642,相关
3643,相关
3644,不相关
3648,相关
3649,相关
3650,不相关
3651,不相关
3652,相关
3653,相关
3654,不相关
3656,相关
3657,不相关
3658,相关
3660,相关
3663,不相关
3664,不相关
3666,相关
3667,相关
3668,相关
3669,相关
3672,相关
3679,相关
3681,相关
3684,相关
3685,相关
3686,相关
3688,相关
3691,相关
3692,相关
3693,相关
3696,相关
3697,不相关
3699,相关
3700,相关
3701,不相关
3702,不相关
3704,相关
3705,不相关
3708,相关
3709,相关
3710,不相关
3714,不相关
3715,相关
3716,相关
3717,相关
3721,相关
3722,不相关
3725,相关
3726,相关
3728,不相关
3729,相关
3730,相关
3732,相关
3733,不相关
3736,不相关
3737,相关
3738,相关
3740,相关
3741,相关
3744,相关
3745,相关
3746,不相关
3748,相关
3749,相关
3750,不相关
3751,不相关
3753,相关
3754,不相关
3756,相关
3757,不相关
3759,不相关
3761,相关
3763,不相关
3764,相关
3765,相关
3767,相关
3768,不相关
3770,不相关
3772,相关
3773,不相关
3774,相关
3775,相关
3776,相关
3779,相关
3780,相关
3786,相关
3787,不相关
3788,不相关
3789,不相关
3790,相关
3791,不相关
3792,相关
3794,相关
3795,相关
3796,不相关
3799,相关
3800,相关
3801,相关
3802,相关
3803,相关
3805,相关
3806,相关
3807,不相关
3810,不相关
3811,不相关
3812,相关
3813,不相关
3814,相关
3815,相关
3819,相关
3820,相关
3821,相关
3823,相关
3824,不相关
3826,相关
3827,相关
3828,相关
3830,相关
3832,不相关
3833,相关
3834,相关
3835,相关
3836,相关
3839,相关
3840,相关
3841,不相关
3842,相关
3845,相关
3848,相关
3849,相关
3850,相关
3851,相关
3852,相关
3854,相关
3855,相关
3856,相关
3857,相关
3858,相关
3860,相关
3861,不相关
3862,相关
3863,相关
3864,相关
3865,相关
3866,相关
3867,相关
3868,不相关
3869,相关
3872,相关
3873,相关
3874,不相关
3875,相关
3876,相关
3877,相关
3878,相关
3879,相关
3880,相关
3881,相关
3883,相关
3884,相关
3885,相关
3887,相关
3889,相关
3890,不相关
3891,相关
3895,相关
3896,相关
3897,相关
3898,相关
3900,相关
3901,相关
3902,相关
3904,相关
3905,相关
3906,相关
3907,相关
3909,相关
3910,相关
3911,相关
3912,不相关
3913,不相关
3914,相关
3915,相关
3916,相关
3918,相关
3919,相关
3922,相关
3923,相关
3924,相关
3925,相关
3926,相关
3927,不相关
3928,相关
3929,不相关
3930,相关
3931,相关
3934,不相关
3935,相关
3936,相关
3937,不相关
3938,不相关
3939,相关
3940,不相关
3941,不相关
3942,不相关
3943,相关
3944,不相关
3945,相关
3946,不相关
3947,相关
3948,相关
3949,相关
3950,相关
3951,相关
3952,相关
3953,不相关
3955,相关
3956,相关
3957,相关
3958,相关
3959,相关
3960,不相关
3961,相关
3962,相关
3963,相关
3968,相关
3969,不相关
3970,相关
3971,不相关
3972,相关
3974,相关
3975,相关
3976,相关
3977,相关
3978,相关
3979,相关
3981,相关
3982,不相关
3983,相关
3985,相关
3986,不相关
3987,相关
3989,相关
3990,相关
3991,不相关
3992,不相关
3993,相关
3994,相关
3995,不相关
3997,相关
3998,不相关
3999,相关
4000,不相关
4001,不相关
4002,相关
4003,不相关
4004,相关
4005,相关
4006,相关
4007,不相关
4009,相关
4010,相关
4011,相关
4012,相关
4013,相关
4014,相关
4015,不相关
4016,相关
4017,不相关
4018,相关
4019,相关
4020,相关
4022,不相关
4023,相关
4024,不相关
4025,相关
4026,不相关
4027,相关
4028,相关
4029,相关
4030,相关
4032,相关
4034,相关
4035,不相关
4036,相关
4037,相关
4038,不相关
4039,相关
4040,相关
4041,相关
4042,相关
4043,相关
4047,不相关
4048,相关
4049,相关
4050,相关
4052,相关
4053,相关
4054,相关
4055,相关
4056,相关
4057,相关
4058,相关
4060,不相关
4061,相关
4063,相关
4064,相关
4065,相关
4067,相关
4068,不相关
4070,相关
4071,相关
4072,相关
4073,相关
4076,相关
4077,不相关
4079,相关
4080,相关
4081,不相关
4083,不相关
4085,相关
4086,不相关
4087,不相关
4088,相关
4089,不相关
4090,相关
4091,相关
4093,相关
4094,相关
4095,不相关
4096,相关
4097,不相关
4098,相关
4099,相关
4100,相关
4101,相关
4104,相关
4105,不相关
4106,不相关
4107,相关
4108,相关
4109,相关
4110,不相关
4111,相关
4112,不相关
4113,不相关
4115,相关
4116,相关
4117,相关
4118,相关
4119,相关
4120,不相关
4121,相关
4122,不相关
4123,不相关
4124,相关
4125,不相关
4126,相关
4127,相关
4129,相关
4130,相关
4131,不相关
4132,相关
4133,相关
4134,相关
4136,不相关
4137,相关
4138,不相关
4141,相关
4142,不相关
4143,不相关
4145,相关
4146,不相关
4147,相关
4149,相关
4150,相关
4151,相关
4153,相关
4154,相关
4155,相关
4156,相关
4159,相关
4160,相关
4161,不相关
4162,不相关
4163,相关
4164,不相关
4165,相关
4166,相关
4167,相关
4170,相关
4171,相关
4172,相关
4173,相关
4174,不相关
4175,相关
4176,相关
4177,相关
4178,相关
4179,相关
4181,相关
4182,相关
4183,不相关
4185,相关
4186,不相关
4187,相关
4188,相关
4190,相关
4192,相关
4193,相关
4194,相关
4196,相关
4197,相关
4198,相关
4199,相关
4200,相关
4201,相关
4203,相关
4204,相关
4207,相关
4208,相关
4209,相关
4210,不相关
4211,相关
4212,相关
4213,相关
4214,相关
4215,相关
4216,相关
4217,相关
4218,相关
4219,相关
4221,不相关
4225,相关
4226,相关
4227,相关
4228,不相关
4229,相关
4231,相关
4232,不相关
4234,不相关
4235,不相关
4236,不相关
4237,相关
4239,相关
4241,相关
4242,相关
4243,相关
4244,相关
4245,相关
4246,不相关
4247,相关
4248,相关
4249,不相关
4250,相关
4253,相关
4255,不相关
4257,不相关
4258,不相关
4259,相关
4264,相关
4265,相关
4266,相关
4268,相关
4269,相关
4272,相关
4273,相关
4274,相关
4275,不相关
4276,不相关
4277,相关
4278,相关
4283,相关
4284,不相关
4285,不相关
4286,不相关
4287,不相关
4288,不相关
4289,相关
4290,不相关
4291,不相关
4292,相关
4294,不相关
4295,不相关
4298,相关
4299,相关
4300,相关
4302,相关
4303,相关
4304,相关
4306,不相关
4307,相关
4308,相关
4309,不相关
4310,相关
4311,不相关
4313,相关
4314,不相关
4315,相关
4317,相关
4318,相关
4319,不相关
4320,相关
4321,不相关
4322,相关
4323,不相关
4324,相关
4325,不相关
4330,相关
4331,相关
4332,不相关
4333,不相关
4334,相关
4335,相关
4336,不相关
4337,相关
4338,不相关
4340,相关
4341,相关
4342,相关
4343,不相关
4345,不相关
4346,不相关
4347,相关
4348,相关
4349,相关
4350,相关
4351,不相关
4352,不相关
4356,相关
4357,相关
4358,相关
4360,相关
4361,相关
4362,相关
4363,相关
4364,不相关
4366,相关
4367,相关
4368,不相关
4369,不相关
4370,相关
4372,相关
4373,相关
4374,相关
4375,相关
4377,相关
4378,不相关
4379,相关
4380,不相关
4381,不相关
4383,相关
4384,相关
4385,不相关
4386,相关
4387,相关
4389,相关
4390,不相关
4391,相关
4392,相关
4393,不相关
4394,相关
4396,相关
4398,相关
4399,不相关
4400,不相关
4401,相关
4403,相关
4404,相关
4405,不相关
4406,相关
4407,不相关
4408,不相关
4409,相关
4410,相关
4413,相关
4414,相关
4415,相关
4416,不相关
4417,相关
4418,相关
4419,相关
4420,相关
4421,相关
4423,相关
4424,不相关
4426,相关
4427,相关
4428,相关
4429,不相关
4430,相关
4431,相关
4434,不相关
4435,相关
4436,相关
4437,相关
4438,相关
4439,相关
4440,相关
4441,相关
4442,相关
4443,相关
4444,不相关
4445,相关
4447,相关
4448,相关
4449,不相关
4450,相关
4451,相关
4452,相关
4454,相关
4456,相关
4457,不相关
4458,相关
4459,不相关
4460,相关
4462,相关
4463,相关
4464,相关
4465,相关
4466,相关
4467,不相关
4470,相关
4471,相关
4472,相关
4473,相关
4476,相关
4477,不相关
4478,相关
4479,相关
4480,相关
4481,相关
4482,相关
4483,不相关
4484,相关
4485,不相关
4487,相关
4488,相关
4489,相关
4490,相关
4491,相关
4493,相关
4494,相关
4495,相关
4497,相关
4498,相关
4499,相关
4500,不相关
4501,不相关
4504,不相关
4505,相关
4506,相关
4507,相关
4508,相关
4509,相关
4510,相关
4511,相关
4512,不相关
4513,相关
4514,相关
4515,相关
4516,相关
4517,不相关
4519,相关
4520,相关
4521,相关
4522,相关
4523,相关
4526,相关
4527,相关
4528,相关
4529,相关
4530,相关
4531,相关
4532,相关
4533,相关
4535,相关
4536,相关
4537,相关
4538,相关
4539,相关
4540,相关
4542,相关
4544,相关
4545,相关
4546,相关
4549,相关
4550,相关
4551,相关
4552,相关
4553,相关
4554,相关
4555,相关
4556,相关
4557,相关
4558,相关
4561,相关
4562,相关
4564,相关
4565,相关
4566,相关
4567,不相关
4568,相关
4569,相关
4571,相关
4572,相关
4573,相关
4574,不相关
4575,相关
4577,相关
4578,相关
4579,不相关
4580,相关
4582,不相关
4583,相关
4584,不相关
4585,相关
4586,相关
4588,不相关
4589,不相关
4590,不相关
4592,相关
4593,相关
4594,相关
4595,不相关
4597,不相关
4598,相关
4599,相关
4600,相关
4601,相关
4602,不相关
4604,不相关
4605,相关
4606,相关
4607,相关
4608,相关
4609,相关
4610,相关
4611,相关
4612,不相关
4613,相关
4614,不相关
4615,相关
4616,相关
4617,相关
4618,相关
4619,相关
4621,不相关
4622,相关
4623,不相关
4624,不相关
4625,相关
4627,相关
4628,相关
4629,相关
4631,相关
4632,相关
4634,相关
4635,相关
4638,不相关
4639,不相关
4640,相关
4641,相关
4642,相关
4643,相关
4645,不相关
4646,相关
4647,相关
4648,相关
4650,相关
4651,不相关
4652,不相关
4653,相关
4654,相关
4656,相关
4658,相关
4659,相关
4660,相关
4661,相关
4663,相关
4664,相关
4665,相关
4666,相关
4669,相关
4670,相关
4671,相关
4672,相关
4674,相关
4675,相关
4676,不相关
4677,相关
4678,相关
4680,相关
4681,相关
4682,不相关
4683,相关
4685,相关
4686,相关
4688,相关
4693,相关
4695,不相关
4696,不相关
4698,相关
4699,相关
4700,相关
4702,相关
4703,相关
4704,相关
4705,不相关
4706,相关
4707,相关
4708,相关
4709,相关
4710,相关
4713,相关
4714,相关
4715,不相关
4716,相关
4717,相关
4718,相关
4720,相关
4721,相关
4722,相关
4723,相关
4724,不相关
4725,不相关
4726,相关
4730,相关
4731,相关
4732,相关
4733,不相关
4734,相关
4737,不相关
4738,不相关
4740,不相关
4741,相关
4742,相关
4743,不相关
4745,不相关
4746,相关
4747,相关
4748,不相关
4749,相关
4751,相关
4752,相关
4753,不相关
4754,不相关
4755,相关
4756,相关
4757,相关
4758,相关
4760,不相关
4761,不相关
4762,不相关
4763,相关
4764,相关
4765,不相关
4766,相关
4767,相关
4770,相关
4771,相关
4772,相关
4773,不相关
4774,相关
4775,相关
4776,相关
4778,相关
4779,相关
4780,不相关
4781,不相关
4782,不相关
4783,相关
4784,不相关
4785,相关
4787,相关
4788,相关
4789,相关
4790,相关
4791,相关
4792,相关
4793,相关
4794,相关
4795,相关
4796,相关
4797,相关
4798,相关
4799,相关
4800,相关
4801,不相关
4803,相关
4804,相关
4805,相关
4806,相关
4808,相关
4809,相关
4810,不相关
4811,不相关
4812,不相关
4813,相关
4814,相关
4815,不相关
4816,相关
4817,不相关
4819,相关
4820,相关
4821,不相关
4822,相关
4823,不相关
4824,相关
4825,相关
4826,不相关
4828,相关
4829,相关
4830,相关
4831,不相关
4832,不相关
4833,相关
4835,相关
4836,相关
4837,不相关
4838,相关
4839,相关
4840,相关
4841,相关
4842,相关
4843,相关
4844,相关
4847,相关
4848,相关
4849,相关
4851,不相关
4852,相关
4853,相关
4854,不相关
4855,相关
4856,相关
4857,相关
4858,相关
4859,相关
4860,相关
4861,相关
4862,相关
4863,相关
4864,不相关
4865,不相关
4866,不相关
4867,相关
4868,不相关
4869,相关
4870,相关
4872,相关
4873,相关
4875,相关
4877,相关
4878,相关
4879,相关
4880,相关
4881,相关
4883,相关
4884,相关
4885,相关
4886,相关
4887,相关
4888,相关
4889,相关
4890,相关
4891,相关
4893,不相关
4894,相关
4895,相关
4896,不相关
4897,相关
4900,相关
4901,相关
4903,相关
4904,相关
4905,相关
4906,相关
4907,相关
4908,相关
4910,相关
4911,相关
4912,相关
4913,相关
4914,相关
4916,相关
4918,相关
4919,相关
4920,相关
4922,相关
4923,相关
4925,相关
4926,相关
4929,相关
4930,相关
4931,相关
4932,不相关
4933,相关
4934,相关
4935,相关
4936,不相关
4938,相关
4939,相关
4940,相关
4941,相关
4942,相关
4945,相关
4946,相关
4947,相关
4948,相关
4949,相关
4950,相关
4951,不相关
4952,不相关
4953,相关
4954,相关
4955,不相关
4956,相关
4957,相关
4958,不相关
4959,不相关
4960,相关
4961,相关
4962,相关
4963,相关
4964,不相关
4965,相关
4966,相关
4967,相关
4968,相关
4969,相关
4970,相关
4972,不相关
4973,不相关
4974,相关
4976,不相关
4977,不相关
4978,相关
4979,相关
4980,相关
4981,相关
4982,相关
4983,不相关
4984,不相关
4985,不相关
4987,不相关
4988,相关
4989,相关
4990,相关
4991,不相关
4992,相关
4993,不相关
4994,不相关
4995,相关
4997,相关
5001,不相关
5002,相关
5003,相关
5004,不相关
5005,不相关
5006,不相关
5007,不相关
5008,相关
5009,不相关
5010,不相关
5011,相关
5012,不相关
5013,不相关
5014,相关
5015,不相关
5016,相关
5017,相关
5019,相关
5020,相关
5022,不相关
5023,不相关
5025,相关
5026,相关
5027,相关
5028,不相关
5029,相关
5030,不相关
5031,不相关
5032,相关
5033,相关
5034,相关
5035,相关
5036,相关
5037,相关
5038,相关
5039,相关
5040,相关
5041,不相关
5042,相关
5043,不相关
5044,相关
5048,不相关
5049,相关
5050,相关
5051,不相关
5052,相关
5053,不相关
5054,相关
5055,相关
5056,相关
5057,相关
5058,相关
5059,相关
5061,相关
5062,不相关
5064,相关
5065,相关
5067,相关
5068,相关
5069,不相关
5070,相关
5071,不相关
5072,相关
5073,不相关
5074,不相关
5075,不相关
5076,相关
5077,不相关
5078,相关
5080,不相关
5081,不相关
5082,不相关
5083,相关
5084,相关
5088,相关
5089,相关
5090,相关
5091,相关
5092,相关
5093,相关
5094,不相关
5095,不相关
5097,相关
5098,相关
5099,相关
5100,相关
5101,相关
5102,相关
5103,不相关
5105,相关
5106,相关
5107,相关
5108,相关
5111,相关
5112,不相关
5113,不相关
5114,相关
5115,相关
5116,不相关
5117,相关
5118,相关
5119,不相关
5120,相关
5121,相关
5122,相关
5123,相关
5124,相关
5125,相关
5126,不相关
5127,不相关
5128,相关
5129,相关
5130,不相关
5131,相关
5132,相关
5134,相关
5135,不相关
5136,相关
5137,不相关
5138,不相关
5139,相关
5140,不相关
5141,相关
5142,相关
5143,不相关
5144,相关
5145,不相关
5146,相关
5147,相关
5148,相关
5149,相关
5150,不相关
5151,相关
5152,相关
5153,相关
5154,相关
5155,相关
5156,相关
5157,相关
5158,相关
5159,相关
5160,相关
5161,相关
5162,不相关
5163,相关
5165,相关
5166,相关
5167,相关
5168,相关
5169,相关
5171,相关
5172,不相关
5173,相关
5174,相关
5175,相关
5177,相关
5178,相关
5179,相关
5180,不相关
5181,相关
5182,相关
5183,相关
5184,不相关
5185,不相关
5186,相关
5187,相关
5188,相关
5189,相关
5190,不相关
5191,相关
5192,相关
5194,相关
5195,相关
5197,不相关
5198,相关
5200,不相关
5201,相关
5203,相关
5204,相关
5205,相关
5206,不相关
5207,不相关
5209,相关
5210,相关
5212,相关
5213,相关
5215,相关
5216,相关
5217,相关
5218,相关
5219,相关
5220,不相关
5221,相关
5222,不相关
5223,不相关
5225,相关
5227,相关
5228,相关
5229,不相关
5230,相关
5231,相关
5232,不相关
5233,不相关
5234,相关
5236,不相关
5237,不相关
5239,相关
5241,不相关
5242,不相关
5243,不相关
5244,相关
5246,相关
5247,不相关
5248,相关
5249,不相关
5250,相关
5251,相关
5252,相关
5253,相关
5254,相关
5256,相关
5257,不相关
5258,不相关
5259,相关
5260,相关
5262,相关
5264,相关
5265,相关
5266,不相关
5267,不相关
5268,相关
5269,不相关
5270,相关
5271,不相关
5272,相关
5273,相关
5274,不相关
5276,相关
5277,相关
5278,相关
5279,不相关
5281,不相关
5282,相关
5283,相关
5285,相关
5286,不相关
5287,相关
5288,不相关
5289,不相关
5290,相关
5291,不相关
5293,相关
5294,不相关
5295,不相关
5296,相关
5297,不相关
5298,相关
5300,相关
5301,不相关
5302,相关
5304,相关
5305,相关
5306,相关
5307,相关
5309,不相关
5310,不相关
5312,相关
5315,相关
5317,相关
5319,不相关
5320,不相关
5321,相关
5322,相关
5324,相关
5325,相关
5326,相关
5328,不相关
5329,不相关
5331,相关
5332,相关
5333,相关
5334,相关
5335,不相关
5337,不相关
5338,相关
5340,相关
5341,不相关
5342,相关
5343,相关
5345,相关
5346,相关
5348,相关
5349,相关
5350,相关
5351,相关
5352,不相关
5353,不相关
5354,不相关
5355,相关
5357,相关
5358,相关
5359,相关
5360,相关
5361,相关
5362,相关
5364,不相关
5365,相关
5367,相关
5368,相关
5369,相关
5370,相关
5372,不相关
5374,相关
5375,相关
5376,相关
5379,不相关
5380,相关
5382,不相关
5383,相关
5385,不相关
5386,相关
5387,相关
5390,不相关
5393,相关
5395,相关
5396,相关
5397,相关
5399,不相关
5400,相关
5401,相关
5402,相关
5403,相关
5404,相关
5405,相关
5406,相关
5407,不相关
5408,相关
5409,相关
5410,相关
5411,相关
5414,相关
5415,相关
5416,相关
5417,不相关
5418,不相关
5419,相关
5420,相关
5422,不相关
5423,相关
5424,不相关
5425,相关
5426,相关
5427,不相关
5428,相关
5429,相关
5430,相关
5431,相关
5432,不相关
5433,不相关
5434,相关
5435,相关
5436,相关
5438,不相关
5439,不相关
5440,不相关
5441,相关
5442,相关
5443,相关
5444,相关
5445,相关
5446,相关
5447,不相关
5448,相关
5449,相关
5451,相关
5452,不相关
5453,相关
5455,相关
5456,相关
5457,不相关
5458,相关
5459,相关
5460,不相关
5461,相关
5462,相关
5463,相关
5464,相关
5465,不相关
5467,相关
5468,不相关
5470,相关
5471,相关
5472,相关
5473,不相关
5474,不相关
5475,相关
5476,相关
5478,相关
5479,相关
5480,相关
5481,不相关
5482,相关
5483,不相关
5484,相关
5486,相关
5488,不相关
5489,相关
5490,相关
5491,不相关
5492,相关
5493,相关
5494,相关
5495,相关
5496,相关
5498,相关
5499,相关
5500,不相关
5501,相关
5502,相关
5503,相关
5505,相关
5506,相关
5508,相关
5509,不相关
5511,相关
5512,不相关
5513,相关
5514,相关
5517,不相关
5518,不相关
5520,不相关
5521,不相关
5522,不相关
5523,相关
5524,相关
5525,相关
5526,相关
5527,相关
5528,相关
5531,相关
5532,不相关
5533,相关
5534,相关
5536,相关
5538,相关
5539,不相关
5540,相关
5541,不相关
5546,相关
5547,不相关
5549,相关
5550,相关
5551,相关
5552,不相关
5553,不相关
5554,不相关
5556,相关
5558,相关
5559,相关
5560,相关
5561,相关
5562,不相关
5563,不相关
5564,相关
5566,相关
5568,不相关
5570,相关
5571,相关
5572,不相关
5573,相关
5574,相关
5577,相关
5578,相关
5579,不相关
5580,相关
5581,相关
5582,不相关
5583,相关
5585,相关
5587,相关
5588,不相关
5589,相关
5590,相关
5591,相关
5592,相关
5593,相关
5594,相关
5595,相关
5596,相关
5597,相关
5599,不相关
5600,不相关
5601,相关
5602,相关
5603,相关
5604,不相关
5606,相关
5607,相关
5608,相关
5609,相关
5610,不相关
5611,不相关
5612,相关
5613,相关
5614,相关
5615,相关
5616,相关
5617,不相关
5618,相关
5620,相关
5621,相关
5622,相关
5623,相关
5624,不相关
5626,相关
5628,相关
5629,不相关
5630,相关
5633,相关
5634,相关
5635,相关
5636,相关
5637,相关
5638,相关
5640,相关
5641,相关
5643,不相关
5644,相关
5645,相关
5646,相关
5647,相关
5648,相关
5649,相关
5651,不相关
5652,相关
5653,相关
5655,相关
5656,不相关
5657,不相关
5658,相关
5659,相关
5663,相关
5664,相关
5665,相关
5666,不相关
5667,相关
5668,相关
5669,相关
5670,相关
5671,相关
5672,相关
5673,相关
5674,相关
5675,相关
5676,相关
5677,相关
5678,相关
5679,相关
5682,相关
5683,不相关
5684,相关
5685,不相关
5686,相关
5687,相关
5688,不相关
5689,不相关
5691,相关
5692,相关
5693,相关
5694,不相关
5695,不相关
5696,相关
5697,相关
5698,相关
5699,相关
5700,相关
5701,相关
5702,相关
5703,相关
5705,相关
5706,不相关
5708,相关
5709,相关
5710,相关
5711,相关
5712,相关
5713,相关
5714,相关
5715,相关
5716,相关
5717,不相关
5718,相关
5719,不相关
5720,相关
5721,相关
5722,不相关
5723,相关
5724,不相关
5728,相关
5730,相关
5731,不相关
5732,相关
5734,相关
5736,相关
5738,相关
5742,相关
5743,相关
5744,相关
5745,相关
5746,相关
5747,相关
5748,相关
5749,相关
5750,相关
5753,相关
5754,相关
5755,相关
5756,相关
5757,相关
5758,相关
5759,相关
5760,相关
5761,相关
5762,相关
5763,相关
5764,相关
5765,不相关
5766,不相关
5767,相关
5768,相关
5769,不相关
5770,相关
5771,相关
5772,不相关
5773,不相关
5774,相关
5775,相关
5776,相关
5777,不相关
5779,不相关
5780,相关
5781,相关
5782,不相关
5783,不相关
5784,相关
5785,相关
5786,相关
5787,相关
5788,不相关
5789,相关
5790,相关
5791,相关
5792,不相关
5793,相关
5794,相关
5795,不相关
5796,相关
5797,相关
5798,相关
5799,相关
5800,相关
5801,相关
5802,相关
5804,相关
5805,相关
5806,相关
5807,不相关
5808,相关
5809,相关
5810,相关
5811,相关
5812,相关
5813,相关
5814,不相关
5815,相关
5816,相关
5817,相关
5818,不相关
5822,相关
5823,相关
5824,不相关
5825,相关
5826,相关
5827,不相关
5828,不相关
5829,相关
5830,相关
5831,不相关
5832,相关
5833,不相关
5834,不相关
5835,不相关
5836,不相关
5837,相关
5839,不相关
5840,相关
5841,相关
5842,相关
5843,相关
5844,相关
5845,相关
5846,不相关
5847,相关
5848,相关
5849,不相关
5850,不相关
5851,相关
5852,不相关
5854,不相关
5855,相关
5856,不相关
5857,相关
5858,不相关
5860,不相关
5862,相关
5865,相关
5866,相关
5867,不相关
5868,相关
5869,不相关
5870,相关
5871,相关
5872,不相关
5873,不相关
5874,相关
5875,不相关
5876,相关
5877,相关
5878,不相关
5879,不相关
5880,相关
5881,相关
5882,相关
5883,相关
5884,相关
5885,相关
5886,相关
5887,相关
5889,相关
5890,相关
5891,不相关
5892,相关
5893,相关
5894,相关
5895,相关
5896,相关
5898,不相关
5899,相关
5900,相关
5901,相关
5902,不相关
5903,不相关
5904,相关
5905,不相关
5906,相关
5907,相关
5910,不相关
5911,相关
5912,相关
5913,不相关
5914,相关
5916,不相关
5917,相关
5918,不相关
5919,不相关
5920,不相关
5921,相关
5922,相关
5923,相关
5924,相关
5926,不相关
5927,相关
5928,不相关
5929,相关
5930,不相关
5931,不相关
5932,相关
5934,不相关
5935,相关
5936,相关
5937,不相关
5938,相关
5939,相关
5941,相关
5942,相关
5943,相关
5944,相关
5945,相关
5946,相关
5947,相关
5948,相关
5949,不相关
5950,相关
5955,相关
5960,不相关
5961,不相关
5962,相关
5963,相关
5964,相关
5965,不相关
5966,相关
5967,不相关
5968,相关
5969,不相关
5971,相关
5972,相关
5973,相关
5974,相关
5975,相关
5976,相关
5977,不相关
5978,相关
5979,相关
5981,相关
5982,相关
5983,不相关
5984,不相关
5985,相关
5986,相关
5987,相关
5988,相关
5989,不相关
5990,相关
5991,相关
5992,相关
5993,相关
5994,不相关
5995,不相关
5996,相关
5997,不相关
5998,相关
6001,不相关
6002,不相关
6003,相关
6004,相关
6005,不相关
6006,相关
6007,不相关
6008,不相关
6009,不相关
6010,相关
6011,不相关
6012,相关
6013,相关
6016,相关
6017,相关
6018,相关
6019,不相关
6020,不相关
6021,相关
6022,不相关
6024,相关
6025,不相关
6026,不相关
6027,不相关
6028,相关
6029,相关
6030,不相关
6031,不相关
6032,相关
6033,不相关
6034,不相关
6035,不相关
6036,不相关
6037,相关
6038,不相关
6039,相关
6040,相关
6041,相关
6042,不相关
6043,相关
6044,不相关
6046,相关
6048,不相关
6049,相关
6050,相关
6051,相关
6052,不相关
6053,相关
6054,不相关
6055,相关
6056,不相关
6057,相关
6058,不相关
6059,相关
6060,不相关
6061,不相关
6062,相关
6063,相关
6064,相关
6065,不相关
6067,相关
6068,相关
6069,相关
6070,相关
6071,相关
6072,相关
6073,相关
6074,相关
6075,不相关
6076,相关
6078,不相关
6079,相关
6080,不相关
6081,相关
6082,相关
6084,相关
6085,相关
6086,相关
6087,相关
6088,相关
6090,不相关
6092,相关
6093,相关
6094,不相关
6095,相关
6096,相关
6097,相关
6098,不相关
6099,相关
6100,不相关
6101,相关
6102,相关
6103,不相关
6106,相关
6107,相关
6108,不相关
6109,相关
6110,相关
6111,相关
6112,不相关
6113,相关
6114,不相关
6115,相关
6116,相关
6117,相关
6118,不相关
6119,相关
6120,相关
6121,相关
6122,相关
6123,相关
6124,相关
6125,不相关
6128,不相关
6129,相关
6130,相关
6131,相关
6133,相关
6134,相关
6135,不相关
6136,相关
6137,相关
6138,不相关
6139,相关
6140,不相关
6141,不相关
6142,相关
6143,相关
6144,不相关
6145,相关
6147,相关
6148,不相关
6149,相关
6151,不相关
6152,相关
6153,不相关
6154,相关
6155,相关
6156,相关
6157,相关
6159,相关
6162,相关
6163,相关
6165,不相关
6166,相关
6167,相关
6169,相关
6170,相关
6172,不相关
6173,不相关
6174,相关
6175,相关
6176,不相关
6177,相关
6178,相关
6179,相关
6180,不相关
6181,相关
6182,相关
6183,相关
6184,不相关
6185,相关
6186,相关
6188,不相关
6189,相关
6190,相关
6191,相关
6192,相关
6193,不相关
6194,相关
6195,相关
6196,相关
6197,不相关
6198,相关
6199,相关
6200,不相关
6202,相关
6203,相关
6204,相关
6205,相关
6206,相关
6208,相关
6210,相关
6211,相关
6212,相关
6213,相关
6216,相关
6217,不相关
6218,相关
6219,相关
6220,相关
6222,相关
6223,相关
6224,不相关
6225,相关
6227,相关
6228,相关
6230,不相关
6231,不相关
6232,不相关
6233,不相关
6234,相关
6236,相关
6237,相关
6238,相关
6240,相关
6243,相关
6245,相关
6246,不相关
6247,相关
6248,不相关
6249,相关
6251,相关
6252,相关
6253,相关
6254,相关
6255,相关
6256,相关
6257,相关
6258,不相关
6259,相关
6260,相关
6261,相关
6262,相关
6263,相关
6265,不相关
6266,相关
6267,相关
6268,不相关
6269,不相关
6270,相关
6271,相关
6273,相关
6274,相关
6275,相关
6276,相关
6277,相关
6279,相关
6280,相关
6281,相关
6282,相关
6283,相关
6284,不相关
6285,相关
6286,相关
6287,相关
6288,不相关
6289,相关
6290,相关
6293,相关
6294,相关
6296,相关
6297,相关
6299,相关
6300,相关
6301,相关
6303,相关
6304,相关
6305,相关
6306,不相关
6307,相关
6308,相关
6309,相关
6310,相关
6313,相关
6314,不相关
6315,相关
6317,相关
6318,相关
6319,相关
6322,相关
6323,不相关
6324,不相关
6325,相关
6326,相关
6328,相关
6330,不相关
6331,相关
6332,相关
6333,相关
6334,相关
6335,不相关
6338,不相关
6339,相关
6340,相关
6341,相关
6342,相关
6343,相关
6344,不相关
6345,相关
6347,相关
6348,相关
6350,相关
6351,相关
6352,不相关
6353,相关
6354,相关
6355,相关
6357,相关
6358,相关
6359,相关
6361,不相关
6362,相关
6363,相关
6364,相关
6365,相关
6366,不相关
6367,相关
6369,相关
6370,相关
6371,相关
6372,相关
6373,不相关
6374,不相关
6376,相关
6377,不相关
6379,相关
6380,不相关
6381,相关
6382,相关
6383,相关
6385,相关
6386,不相关
6387,相关
6388,相关
6389,不相关
6390,相关
6391,不相关
6392,相关
6393,不相关
6394,相关
6395,相关
6396,相关
6397,相关
6398,相关
6399,不相关
6400,相关
6401,不相关
6402,不相关
6403,相关
6404,相关
6405,相关
6406,相关
6407,不相关
6408,相关
6409,相关
6411,相关
6413,不相关
6414,不相关
6415,不相关
6416,相关
6417,相关
6418,相关
6419,不相关
6420,相关
6421,相关
6425,相关
6426,不相关
6427,相关
6428,相关
6429,相关
6430,相关
6431,相关
6433,相关
6434,相关
6435,不相关
6436,相关
6437,相关
6438,不相关
6439,相关
6440,相关
6441,相关
6442,相关
6443,相关
6444,相关
6445,相关
6449,不相关
6450,相关
6451,相关
6452,相关
6453,相关
6454,相关
6455,相关
6456,相关
6457,相关
6458,不相关
6459,相关
6460,不相关
6461,相关
6462,不相关
6463,相关
6464,相关
6465,不相关
6466,不相关
6467,相关
6468,相关
6470,相关
6472,相关
6473,相关
6474,相关
6475,相关
6476,相关
6477,相关
6478,相关
6479,相关
6480,相关
6481,相关
6482,相关
6483,相关
6484,不相关
6485,相关
6486,相关
6487,相关
6488,相关
6489,相关
6490,不相关
6491,相关
6493,不相关
6494,相关
6495,相关
6496,相关
6497,相关
6499,相关
6500,相关
6501,不相关
6503,相关
6504,相关
6505,相关
6507,相关
6508,相关
6509,相关
6510,相关
6512,不相关
6513,相关
6514,相关
6515,相关
6516,相关
6517,相关
6518,相关
6519,相关
6520,相关
6521,不相关
6522,相关
6523,相关
6524,相关
6525,相关
6526,相关
6527,相关
6528,相关
6529,相关
6530,相关
6531,相关
6532,不相关
6533,相关
6535,相关
6536,相关
6537,相关
6538,相关
6539,不相关
6540,不相关
6541,相关
6542,相关
6543,相关
6545,相关
6546,相关
6547,相关
6548,相关
6549,不相关
6550,相关
6551,相关
6552,相关
6553,相关
6554,相关
6555,相关
6556,相关
6557,相关
6559,不相关
6560,相关
6561,相关
6562,相关
6563,相关
6564,相关
6565,相关
6566,相关
6567,不相关
6568,不相关
6569,不相关
6571,相关
6572,相关
6573,相关
6574,不相关
6575,相关
6576,相关
6579,相关
6580,不相关
6581,相关
6582,相关
6583,相关
6584,相关
6585,不相关
6586,相关
6587,不相关
6588,相关
6589,相关
6590,相关
6591,相关
6593,不相关
6594,相关
6595,相关
6596,相关
6597,相关
6598,不相关
6599,相关
6600,相关
6601,相关
6602,相关
6603,相关
6604,不相关
6607,不相关
6608,相关
6609,不相关
6610,相关
6611,相关
6612,相关
6613,相关
6614,相关
6615,不相关
6616,不相关
6617,不相关
6618,相关
6620,相关
6621,相关
6622,相关
6623,相关
6624,相关
6625,相关
6626,相关
6627,相关
6628,相关
6629,相关
6630,不相关
6631,相关
6632,不相关
6633,相关
6634,不相关
6635,不相关
6637,相关
6638,相关
6639,相关
6640,相关
6641,不相关
6642,相关
6643,不相关
6644,相关
6645,不相关
6646,相关
6647,不相关
6648,相关
6649,相关
6650,不相关
6651,相关
6652,不相关
6653,相关
6654,相关
6655,不相关
6656,相关
6657,不相关
6658,相关
6659,相关
6660,相关
6661,不相关
6662,相关
6665,相关
6666,相关
6667,相关
6668,相关
6669,相关
6670,不相关
6671,不相关
6672,相关
6673,相关
6674,相关
6675,相关
6676,相关
6677,相关
6678,相关
6679,相关
6680,不相关
6681,相关
6682,相关
6683,相关
6684,相关
6685,相关
6686,相关
6687,不相关
6688,不相关
6689,相关
6690,不相关
6691,相关
6692,不相关
6694,相关
6695,不相关
6696,不相关
6697,不相关
6699,相关
6700,相关
6701,相关
6702,相关
6703,不相关
6704,相关
6705,相关
6706,相关
6707,不相关
6708,相关
6709,不相关
6710,不相关
6711,相关
6712,相关
6713,不相关
6714,相关
6715,不相关
6716,相关
6717,相关
6720,不相关
6721,相关
6722,相关
6723,不相关
6724,相关
6725,相关
6726,相关
6727,不相关
6728,相关
6729,不相关
6730,相关
6731,相关
6732,不相关
6733,不相关
6734,相关
6735,不相关
6736,不相关
6737,相关
6738,相关
6739,相关
6741,相关
6742,相关
6745,相关
6746,相关
6747,相关
6748,不相关
6750,相关
6751,不相关
6752,相关
6754,相关
6755,不相关
6757,不相关
6758,相关
6762,不相关
6764,相关
6765,相关
6766,相关
6769,相关
6770,相关
6772,相关
6773,不相关
6774,相关
6775,相关
6776,相关
6777,相关
6779,相关
6780,相关
6781,相关
6782,相关
6783,相关
6785,不相关
6787,相关
6788,相关
6790,相关
6791,不相关
6793,相关
6794,相关
6795,不相关
6796,不相关
6797,相关
6798,不相关
6800,相关
6801,不相关
6803,相关
6804,相关
6806,相关
6807,相关
6808,不相关
6810,相关
6811,相关
6813,相关
6814,不相关
6815,相关
6816,不相关
6817,相关
6818,相关
6820,相关
6821,相关
6822,不相关
6823,相关
6824,相关
6825,相关
6827,相关
6828,相关
6829,相关
6830,相关
6831,相关
6832,相关
6833,相关
6834,相关
6835,相关
6836,相关
6837,相关
6838,相关
6840,相关
6841,相关
6842,相关
6843,相关
6844,相关
6845,相关
6846,相关
6847,相关
6848,相关
6850,相关
6851,相关
6852,不相关
6853,相关
6854,不相关
6857,相关
6858,相关
6859,相关
6860,相关
6862,相关
6863,相关
6865,相关
6866,相关
6868,相关
6871,相关
6872,相关
6873,不相关
6874,不相关
6875,相关
6876,不相关
6878,不相关
6879,相关
6880,相关
6881,相关
6882,相关
6883,相关
6884,相关
6885,相关
6886,相关
6888,相关
6889,相关
6890,相关
6891,不相关
6892,相关
6893,相关
6894,相关
6895,相关
6896,不相关
6897,相关
6899,相关
6901,相关
6902,相关
6903,不相关
6904,相关
6905,相关
6906,相关
6907,不相关
6908,相关
6909,不相关
6910,不相关
6911,相关
6912,相关
6913,相关
6914,相关
6916,相关
6918,相关
6919,相关
6920,不相关
6921,不相关
6923,相关
6924,相关
6925,不相关
6926,相关
6927,相关
6928,相关
6929,不相关
6930,相关
6931,不相关
6932,不相关
6933,相关
6934,相关
6935,相关
6936,相关
6938,不相关
6939,相关
6940,相关
6941,相关
6942,相关
6943,不相关
6944,相关
6945,不相关
6946,相关
6947,相关
6948,相关
6950,相关
6951,不相关
6952,相关
6953,相关
6954,不相关
6955,相关
6956,相关
6957,相关
6959,相关
6960,不相关
6961,相关
6964,相关
6965,相关
6966,相关
6967,不相关
6968,不相关
6969,相关
6970,相关
6971,相关
6973,相关
6974,相关
6975,相关
6976,相关
6978,相关
6980,相关
6981,相关
6982,相关
6983,相关
6984,相关
6985,不相关
6986,相关
6987,相关
6988,不相关
6990,相关
6991,相关
6993,不相关
6994,相关
6995,不相关
6996,相关
6997,相关
6999,相关
7000,相关
7001,相关
7002,不相关
7003,相关
7004,相关
7005,相关
7006,相关
7007,相关
7008,相关
7009,相关
7010,不相关
7011,相关
7012,相关
7013,相关
7014,相关
7015,相关
7016,不相关
7017,不相关
7018,不相关
7019,不相关
7021,相关
7022,相关
7023,相关
7024,相关
7025,不相关
7026,相关
7027,相关
7028,不相关
7029,相关
7030,相关
7033,相关
7034,不相关
7036,相关
7038,相关
7039,相关
7040,相关
7041,不相关
7042,相关
7043,相关
7044,相关
7045,相关
7046,相关
7047,相关
7049,相关
7051,不相关
7052,相关
7053,相关
7054,相关
7055,相关
7056,相关
7059,相关
7060,不相关
7061,相关
7062,相关
7063,相关
7064,相关
7065,不相关
7066,相关
7067,不相关
7069,相关
7071,不相关
7072,相关
7073,相关
7074,相关
7076,不相关
7077,相关
7078,不相关
7079,不相关
7080,相关
7082,相关
7084,相关
7085,相关
7086,相关
7087,相关
7088,相关
7089,相关
7090,相关
7091,相关
7092,相关
7093,相关
7094,相关
7095,不相关
7096,不相关
7097,相关
7098,相关
7099,不相关
7100,不相关
7101,相关
7102,不相关
7103,相关
7104,相关
7105,相关
7106,不相关
7107,相关
7109,相关
7110,相关
7111,相关
7112,不相关
7113,不相关
7115,相关
7116,不相关
7117,不相关
7118,相关
7119,相关
7120,相关
7121,相关
7122,相关
7123,不相关
7124,相关
7125,相关
7126,不相关
7127,相关
7128,相关
7129,相关
7130,相关
7131,相关
7132,不相关
7133,不相关
7134,相关
7135,相关
7136,相关
7137,相关
7138,相关
7139,相关
7140,相关
7141,相关
7142,相关
7143,不相关
7144,相关
7145,不相关
7146,相关
7147,相关
7148,不相关
7149,不相关
7150,不相关
7151,相关
7152,相关
7153,相关
7154,不相关
7155,相关
7156,相关
7158,不相关
7159,不相关
7160,相关
7161,相关
7163,相关
7164,相关
7165,相关
7166,相关
7167,相关
7169,不相关
7170,相关
7171,相关
7172,相关
7173,相关
7174,不相关
7175,相关
7176,相关
7177,不相关
7178,相关
7179,不相关
7181,相关
7182,不相关
7183,相关
7184,相关
7185,相关
7186,不相关
7187,不相关
7188,相关
7189,相关
7190,相关
7192,相关
7193,相关
7194,相关
7196,相关
7197,相关
7198,相关
7199,不相关
7200,不相关
7201,相关
7202,不相关
7203,不相关
7204,相关
7205,相关
7206,不相关
7207,相关
7208,相关
7209,相关
7210,相关
7211,相关
7212,相关
7213,相关
7214,不相关
7215,不相关
7216,相关
7222,相关
7223,相关
7224,相关
7225,相关
7226,相关
7227,相关
7228,相关
7229,不相关
7230,相关
7231,相关
7232,不相关
7233,相关
7234,不相关
7235,相关
7236,不相关
7237,不相关
7238,相关
7239,相关
7240,相关
7241,相关
7242,相关
7243,相关
7244,相关
7245,相关
7246,相关
7247,相关
7248,相关
7249,相关
7251,相关
7252,相关
7253,相关
7254,相关
7256,不相关
7257,相关
7258,相关
7259,相关
7260,不相关
7261,相关
7262,不相关
7263,相关
7264,相关
7265,相关
7266,不相关
7267,相关
7268,相关
7269,相关
7270,不相关
7272,不相关
7281,相关
7282,相关
7283,不相关
